Id,IsDeleted,MasterRecordId,AccountId,LastName,FirstName,Salutation,Name,OtherStreet,OtherCity,OtherState,OtherPostalCode,OtherCountry,OtherLatitude,OtherLongitude,OtherGeocodeAccuracy,OtherAddress,MailingStreet,MailingCity,MailingState,MailingPostalCode,MailingCountry,MailingLatitude,MailingLongitude,MailingGeocodeAccuracy,MailingAddress,Phone,Fax,MobilePhone,HomePhone,OtherPhone,AssistantPhone,ReportsToId,Email,Title,Department,AssistantName,LeadSource,Birthdate,Description,OwnerId,CreatedDate,CreatedById,LastModifiedDate,LastModifiedById,SystemModstamp,LastActivityDate,LastCURequestDate,LastCUUpdateDate,LastViewedDate,LastReferencedDate,EmailBouncedReason,EmailBouncedDate,IsEmailBounced,PhotoUrl,Jigsaw,JigsawContactId,CleanStatus,IndividualId,Employee_ID__c,Member_ID__c,Passport_ID__c,SSN__c
0035500000gaXOpAAM,,,0015500000jf4cLAAQ,Tani,Rico,,Rico Tani,2012 Northern Plains Dr,Bismarck,ND,58504,USA,,,,"{""city"":""Bismarck"",""country"":""USA"",""geocodeAccuracy"":null,""latitude"":null,""longitude"":null,""postalCode"":""58504"",""state"":""ND"",""street"":""2012 Northern Plains Dr""}",2012 Northern Plains Dr,Bismarck,ND,58504,USA,,,,"{""city"":""Bismarck"",""country"":""USA"",""geocodeAccuracy"":null,""latitude"":null,""longitude"":null,""postalCode"":""58504"",""state"":""ND"",""street"":""2012 Northern Plains Dr""}",(555) 639-5845,,(555) 975-4068,(555) 304-9876,,,,rico.tani@example.com,,,,Other,1980-04-02,,00555000004kgDgAAI,2020-04-11T00:17:14.000+0000,00555000004kgDgAAI,2020-04-11T00:17:14.000+0000,00555000004kgDgAAI,2020-04-11T00:17:14.000+0000,,,,2020-04-11T00:17:14.000+0000,2020-04-11T00:17:14.000+0000,,,,/services/images/photo/0035500000gaXOpAAM,,,Pending,,000748880718,000659167517,000210534941,000-76-6819
0035500000gaXOqAAM,,,0015500000jf4cMAAQ,Vazzana,Sierra,,Sierra Vazzana,206 De Korra Ln,Wisconsin Dells,WI,53965,USA,,,,"{""city"":""Wisconsin Dells"",""country"":""USA"",""geocodeAccuracy"":null,""latitude"":null,""longitude"":null,""postalCode"":""53965"",""state"":""WI"",""street"":""206 De Korra Ln""}",206 De Korra Ln,Wisconsin Dells,WI,53965,USA,,,,"{""city"":""Wisconsin Dells"",""country"":""USA"",""geocodeAccuracy"":null,""latitude"":null,""longitude"":null,""postalCode"":""53965"",""state"":""WI"",""street"":""206 De Korra Ln""}",(555) 439-2748,,(555) 237-8542,(555) 140-3036,,,,sierra.vazzana@example.com,,,,Phone Inquiry,1952-09-12,,00555000004kgDgAAI,2020-04-11T00:17:14.000+0000,00555000004kgDgAAI,2020-04-11T00:17:14.000+0000,00555000004kgDgAAI,2020-04-11T00:17:14.000+0000,,,,2020-04-11T00:17:14.000+0000,2020-04-11T00:17:14.000+0000,,,,/services/images/photo/0035500000gaXOqAAM,,,Pending,,000213903616,000894683215,000543497026,000-48-9344
0035500000gaXOrAAM,,,0015500000jf4cNAAQ,Thaemert,Francesca,,Francesca Thaemert,400 Grant Ave,Duquesne,PA,15110,USA,,,,"{""city"":""Duquesne"",""country"":""USA"",""geocodeAccuracy"":null,""latitude"":null,""longitude"":null,""postalCode"":""15110"",""state"":""PA"",""street"":""400 Grant Ave""}",400 Grant Ave,Duquesne,PA,15110,USA,,,,"{""city"":""Duquesne"",""country"":""USA"",""geocodeAccuracy"":null,""latitude"":null,""longitude"":null,""postalCode"":""15110"",""state"":""PA"",""street"":""400 Grant Ave""}",(555) 655-9643,,(555) 297-8290,(555) 751-5749,,,,francesca.thaemert@example.com,,,,Partner Referral,1947-02-27,,00555000004kgDgAAI,2020-04-11T00:17:14.000+0000,00555000004kgDgAAI,2020-04-11T00:17:14.000+0000,00555000004kgDgAAI,2020-04-11T00:17:14.000+0000,,,,2020-04-11T00:17:14.000+0000,2020-04-11T00:17:14.000+0000,,,,/services/images/photo/0035500000gaXOrAAM,,,Pending,,000645106049,000892013895,000707909838,000-52-9980
0035500000gaXOsAAM,,,0015500000jf4cOAAQ,Kildare,Janeen,,Janeen Kildare,2084 Waelchi Road,Denton,MT,59430,USA,,,,"{""city"":""Denton"",""country"":""USA"",""geocodeAccuracy"":null,""latitude"":null,""longitude"":null,""postalCode"":""59430"",""state"":""MT"",""street"":""2084 Waelchi Road""}",2084 Waelchi Road,Denton,MT,59430,USA,,,,"{""city"":""Denton"",""country"":""USA"",""geocodeAccuracy"":null,""latitude"":null,""longitude"":null,""postalCode"":""59430"",""state"":""MT"",""street"":""2084 Waelchi Road""}",(555) 678-2216,,(555) 179-4577,(555) 889-9400,,,,janeen.kildare@example.com,,,,Partner Referral,1966-10-11,,00555000004kgDgAAI,2020-04-11T00:17:14.000+0000,00555000004kgDgAAI,2020-04-11T00:17:14.000+0000,00555000004kgDgAAI,2020-04-11T00:17:14.000+0000,,,,2020-04-11T00:17:14.000+0000,2020-04-11T00:17:14.000+0000,,,,/services/images/photo/0035500000gaXOsAAM,,,Pending,,000693140672,000152931437,000325496127,000-38-5096
0035500000gaXOzAAM,,,0015500000jf4cVAAQ,Finkle,Willow,,Willow Finkle,3392 North Huron Road,Tawas City,MI,48763,USA,,,,"{""city"":""Tawas City"",""country"":""USA"",""geocodeAccuracy"":null,""latitude"":null,""longitude"":null,""postalCode"":""48763"",""state"":""MI"",""street"":""3392 North Huron Road""}",3392 North Huron Road,Tawas City,MI,48763,USA,,,,"{""city"":""Tawas City"",""country"":""USA"",""geocodeAccuracy"":null,""latitude"":null,""longitude"":null,""postalCode"":""48763"",""state"":""MI"",""street"":""3392 North Huron Road""}",(555) 735-1884,,(555) 971-4597,(555) 811-3988,,,,willow.finkle@example.com,,,,Other,1978-10-29,,00555000004kgDgAAI,2020-04-11T00:17:14.000+0000,00555000004kgDgAAI,2020-04-11T00:17:14.000+0000,00555000004kgDgAAI,2020-04-11T00:17:14.000+0000,,,,2020-04-11T00:17:14.000+0000,2020-04-11T00:17:14.000+0000,,,,/services/images/photo/0035500000gaXOzAAM,,,Pending,,000338060061,000187095521,000191495806,000-99-5354
0035500000gaXP0AAM,,,0015500000jf4cWAAQ,Lamark,Waylon,,Waylon Lamark,30208 Lookout Road,Paola,KS,66071,USA,,,,"{""city"":""Paola"",""country"":""USA"",""geocodeAccuracy"":null,""latitude"":null,""longitude"":null,""postalCode"":""66071"",""state"":""KS"",""street"":""30208 Lookout Road""}",30208 Lookout Road,Paola,KS,66071,USA,,,,"{""city"":""Paola"",""country"":""USA"",""geocodeAccuracy"":null,""latitude"":null,""longitude"":null,""postalCode"":""66071"",""state"":""KS"",""street"":""30208 Lookout Road""}",(555) 274-7020,,(555) 723-1790,(555) 431-4026,,,,waylon.lamark@example.com,,,,Other,1991-03-28,,00555000004kgDgAAI,2020-04-11T00:17:14.000+0000,00555000004kgDgAAI,2020-04-11T00:17:14.000+0000,00555000004kgDgAAI,2020-04-11T00:17:14.000+0000,,,,2020-04-11T00:17:14.000+0000,2020-04-11T00:17:14.000+0000,,,,/services/images/photo/0035500000gaXP0AAM,,,Pending,,000880194020,000656069393,000420821817,000-18-2459
0035500000gaXP1AAM,,,0015500000jf4cXAAQ,Vicsik,Yan,,Yan Vicsik,12825 East Mirabeau Parkway,Spokane,WA,99216,USA,,,,"{""city"":""Spokane"",""country"":""USA"",""geocodeAccuracy"":null,""latitude"":null,""longitude"":null,""postalCode"":""99216"",""state"":""WA"",""street"":""12825 East Mirabeau Parkway""}",12825 East Mirabeau Parkway,Spokane,WA,99216,USA,,,,"{""city"":""Spokane"",""country"":""USA"",""geocodeAccuracy"":null,""latitude"":null,""longitude"":null,""postalCode"":""99216"",""state"":""WA"",""street"":""12825 East Mirabeau Parkway""}",(555) 876-2628,,(555) 901-4458,(555) 327-6737,,,,yan.vicsik@example.com,,,,Web,1989-07-15,,00555000004kgDgAAI,2020-04-11T00:17:14.000+0000,00555000004kgDgAAI,2020-04-11T00:17:14.000+0000,00555000004kgDgAAI,2020-04-11T00:17:14.000+0000,,,,2020-04-11T00:17:14.000+0000,2020-04-11T00:17:14.000+0000,,,,/services/images/photo/0035500000gaXP1AAM,,,Pending,,000496993665,000128803485,000176104160,000-84-8294
0035500000gaXP2AAM,,,0015500000jf4cYAAQ,Webley,Caridad,,Caridad Webley,10105 Propps St NE,Albuquerque,NM,87112,USA,,,,"{""city"":""Albuquerque"",""country"":""USA"",""geocodeAccuracy"":null,""latitude"":null,""longitude"":null,""postalCode"":""87112"",""state"":""NM"",""street"":""10105 Propps St NE""}",10105 Propps St NE,Albuquerque,NM,87112,USA,,,,"{""city"":""Albuquerque"",""country"":""USA"",""geocodeAccuracy"":null,""latitude"":null,""longitude"":null,""postalCode"":""87112"",""state"":""NM"",""street"":""10105 Propps St NE""}",(555) 240-6083,,(555) 152-9654,(555) 590-7515,,,,caridad.webley@example.com,,,,Partner Referral,1959-11-18,,00555000004kgDgAAI,2020-04-11T00:17:14.000+0000,00555000004kgDgAAI,2020-04-11T00:17:14.000+0000,00555000004kgDgAAI,2020-04-11T00:17:14.000+0000,,,,2020-04-11T00:17:14.000+0000,2020-04-11T00:17:14.000+0000,,,,/services/images/photo/0035500000gaXP2AAM,,,Pending,,000353861198,000296839570,000792674346,000-20-6137
0035500000gaXP3AAM,,,0015500000jf4cZAAQ,Gelbowitz,Travis,,Travis Gelbowitz,2550 Wasser Terrace,Herndon,VA,20171,USA,,,,"{""city"":""Herndon"",""country"":""USA"",""geocodeAccuracy"":null,""latitude"":null,""longitude"":null,""postalCode"":""20171"",""state"":""VA"",""street"":""2550 Wasser Terrace""}",2550 Wasser Terrace,Herndon,VA,20171,USA,,,,"{""city"":""Herndon"",""country"":""USA"",""geocodeAccuracy"":null,""latitude"":null,""longitude"":null,""postalCode"":""20171"",""state"":""VA"",""street"":""2550 Wasser Terrace""}",(555) 563-1534,,(555) 590-7935,(555) 925-2534,,,,travis.gelbowitz@example.com,,,,Partner Referral,1973-05-12,,00555000004kgDgAAI,2020-04-11T00:17:14.000+0000,00555000004kgDgAAI,2020-04-11T00:17:14.000+0000,00555000004kgDgAAI,2020-04-11T00:17:14.000+0000,,,,2020-04-11T00:17:14.000+0000,2020-04-11T00:17:14.000+0000,,,,/services/images/photo/0035500000gaXP3AAM,,,Pending,,000871446149,000600464888,000560802112,000-11-1236
0035500000gaXP4AAM,,,0015500000jf4caAAA,Rochat,Terrence,,Terrence Rochat,10105 Propps St NE,Albuquerque,NM,87112,USA,,,,"{""city"":""Albuquerque"",""country"":""USA"",""geocodeAccuracy"":null,""latitude"":null,""longitude"":null,""postalCode"":""87112"",""state"":""NM"",""street"":""10105 Propps St NE""}",10105 Propps St NE,Albuquerque,NM,87112,USA,,,,"{""city"":""Albuquerque"",""country"":""USA"",""geocodeAccuracy"":null,""latitude"":null,""longitude"":null,""postalCode"":""87112"",""state"":""NM"",""street"":""10105 Propps St NE""}",(555) 652-7952,,(555) 454-3885,(555) 540-2454,,,,terrence.rochat@example.com,,,,Web,1978-01-23,,00555000004kgDgAAI,2020-04-11T00:17:14.000+0000,00555000004kgDgAAI,2020-04-11T00:17:14.000+0000,00555000004kgDgAAI,2020-04-11T00:17:14.000+0000,,,,2020-04-11T00:17:14.000+0000,2020-04-11T00:17:14.000+0000,,,,/services/images/photo/0035500000gaXP4AAM,,,Pending,,000856613093,000460973510,000195586231,000-59-8680
0035500000gaXP5AAM,,,0015500000jf4cbAAA,Magallan,Hiram,,Hiram Magallan,145 County Road 88,Guffey,CO,80820,USA,,,,"{""city"":""Guffey"",""country"":""USA"",""geocodeAccuracy"":null,""latitude"":null,""longitude"":null,""postalCode"":""80820"",""state"":""CO"",""street"":""145 County Road 88""}",145 County Road 88,Guffey,CO,80820,USA,,,,"{""city"":""Guffey"",""country"":""USA"",""geocodeAccuracy"":null,""latitude"":null,""longitude"":null,""postalCode"":""80820"",""state"":""CO"",""street"":""145 County Road 88""}",(555) 522-6218,,(555) 834-6910,(555) 553-1322,,,,hiram.magallan@example.com,,,,Partner Referral,1994-05-10,,00555000004kgDgAAI,2020-04-11T00:17:14.000+0000,00555000004kgDgAAI,2020-04-11T00:17:14.000+0000,00555000004kgDgAAI,2020-04-11T00:17:14.000+0000,,,,2020-04-11T00:17:14.000+0000,2020-04-11T00:17:14.000+0000,,,,/services/images/photo/0035500000gaXP5AAM,,,Pending,,000407349101,000585586250,000122611402,000-95-3546
0035500000gaXP6AAM,,,0015500000jf4ccAAA,Butsch,Arletta,,Arletta Butsch,10 Bay Street,Toronto,ON,M5J 2R8,Canada,,,,"{""city"":""Toronto"",""country"":""Canada"",""geocodeAccuracy"":null,""latitude"":null,""longitude"":null,""postalCode"":""M5J 2R8"",""state"":""ON"",""street"":""10 Bay Street""}",10 Bay Street,Toronto,ON,M5J 2R8,Canada,,,,"{""city"":""Toronto"",""country"":""Canada"",""geocodeAccuracy"":null,""latitude"":null,""longitude"":null,""postalCode"":""M5J 2R8"",""state"":""ON"",""street"":""10 Bay Street""}",(555) 662-7237,,(555) 351-2367,(555) 417-7830,,,,arletta.butsch@example.com,,,,Other,1989-09-07,,00555000004kgDgAAI,2020-04-11T00:17:14.000+0000,00555000004kgDgAAI,2020-04-11T00:17:14.000+0000,00555000004kgDgAAI,2020-04-11T00:17:14.000+0000,,,,2020-04-11T00:17:14.000+0000,2020-04-11T00:17:14.000+0000,,,,/services/images/photo/0035500000gaXP6AAM,,,Pending,,000692408100,000175452133,000629366471,000-85-3257
0035500000gaXP7AAM,,,0015500000jf4cdAAA,Ventry,Gudrun,,Gudrun Ventry,2012 Northern Plains Dr,Bismarck,ND,58504,USA,,,,"{""city"":""Bismarck"",""country"":""USA"",""geocodeAccuracy"":null,""latitude"":null,""longitude"":null,""postalCode"":""58504"",""state"":""ND"",""street"":""2012 Northern Plains Dr""}",2012 Northern Plains Dr,Bismarck,ND,58504,USA,,,,"{""city"":""Bismarck"",""country"":""USA"",""geocodeAccuracy"":null,""latitude"":null,""longitude"":null,""postalCode"":""58504"",""state"":""ND"",""street"":""2012 Northern Plains Dr""}",(555) 148-3651,,(555) 561-6829,(555) 854-4198,,,,gudrun.ventry@example.com,,,,Partner Referral,1989-08-17,,00555000004kgDgAAI,2020-04-11T00:17:14.000+0000,00555000004kgDgAAI,2020-04-11T00:17:14.000+0000,00555000004kgDgAAI,2020-04-11T00:17:14.000+0000,,,,2020-04-11T00:17:14.000+0000,2020-04-11T00:17:14.000+0000,,,,/services/images/photo/0035500000gaXP7AAM,,,Pending,,000717961204,000683093182,000696953669,000-51-1818
0035500000gaXP8AAM,,,0015500000jf4ceAAA,Byford,Winona,,Winona Byford,541 SW Georgetown Way,Beaverton,OR,97006,USA,,,,"{""city"":""Beaverton"",""country"":""USA"",""geocodeAccuracy"":null,""latitude"":null,""longitude"":null,""postalCode"":""97006"",""state"":""OR"",""street"":""541 SW Georgetown Way""}",541 SW Georgetown Way,Beaverton,OR,97006,USA,,,,"{""city"":""Beaverton"",""country"":""USA"",""geocodeAccuracy"":null,""latitude"":null,""longitude"":null,""postalCode"":""97006"",""state"":""OR"",""street"":""541 SW Georgetown Way""}",(555) 350-2046,,(555) 768-7605,(555) 444-2485,,,,winona.byford@example.com,,,,Web,1995-02-21,,00555000004kgDgAAI,2020-04-11T00:17:14.000+0000,00555000004kgDgAAI,2020-04-11T00:17:14.000+0000,00555000004kgDgAAI,2020-04-11T00:17:14.000+0000,,,,2020-04-11T00:17:14.000+0000,2020-04-11T00:17:14.000+0000,,,,/services/images/photo/0035500000gaXP8AAM,,,Pending,,000948294548,000895940035,000580599690,000-15-2530
0035500000gaXP9AAM,,,0015500000jf4cfAAA,Roussell,Becki,,Becki Roussell,84 Ocean Drive,Forest Home,AL,36030,USA,,,,"{""city"":""Forest Home"",""country"":""USA"",""geocodeAccuracy"":null,""latitude"":null,""longitude"":null,""postalCode"":""36030"",""state"":""AL"",""street"":""84 Ocean Drive""}",84 Ocean Drive,Forest Home,AL,36030,USA,,,,"{""city"":""Forest Home"",""country"":""USA"",""geocodeAccuracy"":null,""latitude"":null,""longitude"":null,""postalCode"":""36030"",""state"":""AL"",""street"":""84 Ocean Drive""}",(555) 857-5658,,(555) 514-9097,(555) 297-8517,,,,becki.roussell@example.com,,,,Phone Inquiry,1967-04-05,,00555000004kgDgAAI,2020-04-11T00:17:14.000+0000,00555000004kgDgAAI,2020-04-11T00:17:14.000+0000,00555000004kgDgAAI,2020-04-11T00:17:14.000+0000,,,,2020-04-11T00:17:14.000+0000,2020-04-11T00:17:14.000+0000,,,,/services/images/photo/0035500000gaXP9AAM,,,Pending,,000944024840,000770806875,000605987767,000-29-2218
0035500000gaXPAAA2,,,0015500000jf4cgAAA,Chea,Shanel,,Shanel Chea,30208 Lookout Road,Paola,KS,66071,USA,,,,"{""city"":""Paola"",""country"":""USA"",""geocodeAccuracy"":null,""latitude"":null,""longitude"":null,""postalCode"":""66071"",""state"":""KS"",""street"":""30208 Lookout Road""}",30208 Lookout Road,Paola,KS,66071,USA,,,,"{""city"":""Paola"",""country"":""USA"",""geocodeAccuracy"":null,""latitude"":null,""longitude"":null,""postalCode"":""66071"",""state"":""KS"",""street"":""30208 Lookout Road""}",(555) 226-3715,,(555) 461-3531,(555) 802-5764,,,,shanel.chea@example.com,,,,Other,1965-11-24,,00555000004kgDgAAI,2020-04-11T00:17:14.000+0000,00555000004kgDgAAI,2020-04-11T00:17:14.000+0000,00555000004kgDgAAI,2020-04-11T00:17:14.000+0000,,,,2020-04-11T00:17:14.000+0000,2020-04-11T00:17:14.000+0000,,,,/services/images/photo/0035500000gaXPAAA2,,,Pending,,000217230128,000213426323,000904547206,000-77-4416
0035500000gaXPBAA2,,,0015500000jf4chAAA,Fricker,Dorothy,,Dorothy Fricker,145 County Road 88,Guffey,CO,80820,USA,,,,"{""city"":""Guffey"",""country"":""USA"",""geocodeAccuracy"":null,""latitude"":null,""longitude"":null,""postalCode"":""80820"",""state"":""CO"",""street"":""145 County Road 88""}",145 County Road 88,Guffey,CO,80820,USA,,,,"{""city"":""Guffey"",""country"":""USA"",""geocodeAccuracy"":null,""latitude"":null,""longitude"":null,""postalCode"":""80820"",""state"":""CO"",""street"":""145 County Road 88""}",(555) 115-6555,,(555) 842-1201,(555) 431-2275,,,,dorothy.fricker@example.com,,,,Phone Inquiry,1941-01-15,,00555000004kgDgAAI,2020-04-11T00:17:14.000+0000,00555000004kgDgAAI,2020-04-11T00:17:14.000+0000,00555000004kgDgAAI,2020-04-11T00:17:14.000+0000,,,,2020-04-11T00:17:14.000+0000,2020-04-11T00:17:14.000+0000,,,,/services/images/photo/0035500000gaXPBAA2,,,Pending,,000965507846,000313117632,000883924314,000-63-5467
0035500000gaXPCAA2,,,0015500000jf4ciAAA,Sukup,Vicky,,Vicky Sukup,3604 84th St E,Tacoma,WA,98446,USA,,,,"{""city"":""Tacoma"",""country"":""USA"",""geocodeAccuracy"":null,""latitude"":null,""longitude"":null,""postalCode"":""98446"",""state"":""WA"",""street"":""3604 84th St E""}",3604 84th St E,Tacoma,WA,98446,USA,,,,"{""city"":""Tacoma"",""country"":""USA"",""geocodeAccuracy"":null,""latitude"":null,""longitude"":null,""postalCode"":""98446"",""state"":""WA"",""street"":""3604 84th St E""}",(555) 128-6524,,(555) 354-3146,(555) 689-8444,,,,vicky.sukup@example.com,,,,Partner Referral,1976-10-21,,00555000004kgDgAAI,2020-04-11T00:17:14.000+0000,00555000004kgDgAAI,2020-04-11T00:17:14.000+0000,00555000004kgDgAAI,2020-04-11T00:17:14.000+0000,,,,2020-04-11T00:17:14.000+0000,2020-04-11T00:17:14.000+0000,,,,/services/images/photo/0035500000gaXPCAA2,,,Pending,,000797416964,000811361355,000685577571,000-41-2296
0035500000gaXPDAA2,,,0015500000jf4cjAAA,Berringer,Cheri,,Cheri Berringer,7926 Droege Road,Decatur,IN,46733,USA,,,,"{""city"":""Decatur"",""country"":""USA"",""geocodeAccuracy"":null,""latitude"":null,""longitude"":null,""postalCode"":""46733"",""state"":""IN"",""street"":""7926 Droege Road""}",7926 Droege Road,Decatur,IN,46733,USA,,,,"{""city"":""Decatur"",""country"":""USA"",""geocodeAccuracy"":null,""latitude"":null,""longitude"":null,""postalCode"":""46733"",""state"":""IN"",""street"":""7926 Droege Road""}",(555) 403-6619,,(555) 266-7418,(555) 751-9303,,,,cheri.berringer@example.com,,,,Phone Inquiry,1956-07-02,,00555000004kgDgAAI,2020-04-11T00:17:14.000+0000,00555000004kgDgAAI,2020-04-11T00:17:14.000+0000,00555000004kgDgAAI,2020-04-11T00:17:14.000+0000,,,,2020-04-11T00:17:14.000+0000,2020-04-11T00:17:14.000+0000,,,,/services/images/photo/0035500000gaXPDAA2,,,Pending,,000607324099,000370382548,000873750456,000-73-7307
0035500000gaXPEAA2,,,0015500000jf4ckAAA,Pegelow,Monte,,Monte Pegelow,145 County Road 88,Guffey,CO,80820,USA,,,,"{""city"":""Guffey"",""country"":""USA"",""geocodeAccuracy"":null,""latitude"":null,""longitude"":null,""postalCode"":""80820"",""state"":""CO"",""street"":""145 County Road 88""}",145 County Road 88,Guffey,CO,80820,USA,,,,"{""city"":""Guffey"",""country"":""USA"",""geocodeAccuracy"":null,""latitude"":null,""longitude"":null,""postalCode"":""80820"",""state"":""CO"",""street"":""145 County Road 88""}",(555) 558-5606,,(555) 256-5445,(555) 849-7496,,,,monte.pegelow@example.com,,,,Partner Referral,1989-01-08,,00555000004kgDgAAI,2020-04-11T00:17:14.000+0000,00555000004kgDgAAI,2020-04-11T00:17:14.000+0000,00555000004kgDgAAI,2020-04-11T00:17:14.000+0000,,,,2020-04-11T00:17:14.000+0000,2020-04-11T00:17:14.000+0000,,,,/services/images/photo/0035500000gaXPEAA2,,,Pending,,000651885684,000261227352,000181395784,000-16-6078
0035500000gaXPFAA2,,,0015500000jf4clAAA,Ogeen,Melita,,Melita Ogeen,929 108th Ave NE,Bellevue,WA,98004,USA,,,,"{""city"":""Bellevue"",""country"":""USA"",""geocodeAccuracy"":null,""latitude"":null,""longitude"":null,""postalCode"":""98004"",""state"":""WA"",""street"":""929 108th Ave NE""}",929 108th Ave NE,Bellevue,WA,98004,USA,,,,"{""city"":""Bellevue"",""country"":""USA"",""geocodeAccuracy"":null,""latitude"":null,""longitude"":null,""postalCode"":""98004"",""state"":""WA"",""street"":""929 108th Ave NE""}",(555) 689-8965,,(555) 949-6616,(555) 602-3852,,,,melita.ogeen@example.com,,,,Phone Inquiry,1969-02-06,,00555000004kgDgAAI,2020-04-11T00:17:14.000+0000,00555000004kgDgAAI,2020-04-11T00:17:14.000+0000,00555000004kgDgAAI,2020-04-11T00:17:14.000+0000,,,,2020-04-11T00:17:14.000+0000,2020-04-11T00:17:14.000+0000,,,,/services/images/photo/0035500000gaXPFAA2,,,Pending,,000278017953,000390115015,000970161049,000-17-3175
0035500000gaXPGAA2,,,0015500000jf4cmAAA,Nissen,Bea,,Bea Nissen,500 Boylston Street,Boston,MA,02116,USA,,,,"{""city"":""Boston"",""country"":""USA"",""geocodeAccuracy"":null,""latitude"":null,""longitude"":null,""postalCode"":""02116"",""state"":""MA"",""street"":""500 Boylston Street""}",500 Boylston Street,Boston,MA,02116,USA,,,,"{""city"":""Boston"",""country"":""USA"",""geocodeAccuracy"":null,""latitude"":null,""longitude"":null,""postalCode"":""02116"",""state"":""MA"",""street"":""500 Boylston Street""}",(555) 410-4324,,(555) 774-3968,(555) 265-1289,,,,bea.nissen@example.com,,,,Web,1950-02-18,,00555000004kgDgAAI,2020-04-11T00:17:14.000+0000,00555000004kgDgAAI,2020-04-11T00:17:14.000+0000,00555000004kgDgAAI,2020-04-11T00:17:14.000+0000,,,,2020-04-11T00:17:14.000+0000,2020-04-11T00:17:14.000+0000,,,,/services/images/photo/0035500000gaXPGAA2,,,Pending,,000445032740,000625187401,000316221220,000-43-9685
0035500000gaXPHAA2,,,0015500000jf4cnAAA,Levett,Katherin,,Katherin Levett,7139 Kilback Mountains,Antonito,CO,81120,USA,,,,"{""city"":""Antonito"",""country"":""USA"",""geocodeAccuracy"":null,""latitude"":null,""longitude"":null,""postalCode"":""81120"",""state"":""CO"",""street"":""7139 Kilback Mountains""}",7139 Kilback Mountains,Antonito,CO,81120,USA,,,,"{""city"":""Antonito"",""country"":""USA"",""geocodeAccuracy"":null,""latitude"":null,""longitude"":null,""postalCode"":""81120"",""state"":""CO"",""street"":""7139 Kilback Mountains""}",(555) 114-7056,,(555) 469-5614,(555) 333-2467,,,,katherin.levett@example.com,,,,Phone Inquiry,1958-08-06,,00555000004kgDgAAI,2020-04-11T00:17:14.000+0000,00555000004kgDgAAI,2020-04-11T00:17:14.000+0000,00555000004kgDgAAI,2020-04-11T00:17:14.000+0000,,,,2020-04-11T00:17:14.000+0000,2020-04-11T00:17:14.000+0000,,,,/services/images/photo/0035500000gaXPHAA2,,,Pending,,000476037557,000581915554,000743845480,000-98-2802
0035500000gaXOtAAM,,,0015500000jf4cPAAQ,Tobiason,Arden,,Arden Tobiason,3604 84th St E,Tacoma,WA,98446,USA,,,,"{""city"":""Tacoma"",""country"":""USA"",""geocodeAccuracy"":null,""latitude"":null,""longitude"":null,""postalCode"":""98446"",""state"":""WA"",""street"":""3604 84th St E""}",3604 84th St E,Tacoma,WA,98446,USA,,,,"{""city"":""Tacoma"",""country"":""USA"",""geocodeAccuracy"":null,""latitude"":null,""longitude"":null,""postalCode"":""98446"",""state"":""WA"",""street"":""3604 84th St E""}",(555) 958-3281,,(555) 334-3016,(555) 190-2029,,,,arden.tobiason@example.com,,,,Phone Inquiry,1992-09-10,,00555000004kgDgAAI,2020-04-11T00:17:14.000+0000,00555000004kgDgAAI,2020-04-11T00:17:14.000+0000,00555000004kgDgAAI,2020-04-11T00:17:14.000+0000,,,,2020-04-11T00:17:14.000+0000,2020-04-11T00:17:14.000+0000,,,,/services/images/photo/0035500000gaXOtAAM,,,Pending,,000388412849,000293189554,000124863157,000-24-7427
0035500000gaXOuAAM,,,0015500000jf4cQAAQ,Ianniello,Ardis,,Ardis Ianniello,1541 E 4th St,Casper,WY,82601,USA,,,,"{""city"":""Casper"",""country"":""USA"",""geocodeAccuracy"":null,""latitude"":null,""longitude"":null,""postalCode"":""82601"",""state"":""WY"",""street"":""1541 E 4th St""}",1541 E 4th St,Casper,WY,82601,USA,,,,"{""city"":""Casper"",""country"":""USA"",""geocodeAccuracy"":null,""latitude"":null,""longitude"":null,""postalCode"":""82601"",""state"":""WY"",""street"":""1541 E 4th St""}",(555) 748-9376,,(555) 421-1930,(555) 241-2245,,,,ardis.ianniello@example.com,,,,Other,1948-03-19,,00555000004kgDgAAI,2020-04-11T00:17:14.000+0000,00555000004kgDgAAI,2020-04-11T00:17:14.000+0000,00555000004kgDgAAI,2020-04-11T00:17:14.000+0000,,,,2020-04-11T00:17:14.000+0000,2020-04-11T00:17:14.000+0000,,,,/services/images/photo/0035500000gaXOuAAM,,,Pending,,000569991314,000268295463,000194458181,000-11-3136
0035500000gaXOvAAM,,,0015500000jf4cRAAQ,Brault,Milagro,,Milagro Brault,620 N Westmoreland Rd,DeSoto,TX,75115,USA,,,,"{""city"":""DeSoto"",""country"":""USA"",""geocodeAccuracy"":null,""latitude"":null,""longitude"":null,""postalCode"":""75115"",""state"":""TX"",""street"":""620 N Westmoreland Rd""}",620 N Westmoreland Rd,DeSoto,TX,75115,USA,,,,"{""city"":""DeSoto"",""country"":""USA"",""geocodeAccuracy"":null,""latitude"":null,""longitude"":null,""postalCode"":""75115"",""state"":""TX"",""street"":""620 N Westmoreland Rd""}",(555) 886-8383,,(555) 427-8462,(555) 856-2906,,,,milagro.brault@example.com,,,,Phone Inquiry,1941-03-28,,00555000004kgDgAAI,2020-04-11T00:17:14.000+0000,00555000004kgDgAAI,2020-04-11T00:17:14.000+0000,00555000004kgDgAAI,2020-04-11T00:17:14.000+0000,,,,2020-04-11T00:17:14.000+0000,2020-04-11T00:17:14.000+0000,,,,/services/images/photo/0035500000gaXOvAAM,,,Pending,,000530280396,000119600380,000811344659,000-89-1511
0035500000gaXOwAAM,,,0015500000jf4cSAAQ,Demman,Katheryn,,Katheryn Demman,174 Unnamed Road,Youngstown,FL,32466,USA,,,,"{""city"":""Youngstown"",""country"":""USA"",""geocodeAccuracy"":null,""latitude"":null,""longitude"":null,""postalCode"":""32466"",""state"":""FL"",""street"":""174 Unnamed Road""}",174 Unnamed Road,Youngstown,FL,32466,USA,,,,"{""city"":""Youngstown"",""country"":""USA"",""geocodeAccuracy"":null,""latitude"":null,""longitude"":null,""postalCode"":""32466"",""state"":""FL"",""street"":""174 Unnamed Road""}",(555) 491-6370,,(555) 623-7645,(555) 960-5308,,,,katheryn.demman@example.com,,,,Phone Inquiry,1977-04-21,,00555000004kgDgAAI,2020-04-11T00:17:14.000+0000,00555000004kgDgAAI,2020-04-11T00:17:14.000+0000,00555000004kgDgAAI,2020-04-11T00:17:14.000+0000,,,,2020-04-11T00:17:14.000+0000,2020-04-11T00:17:14.000+0000,,,,/services/images/photo/0035500000gaXOwAAM,,,Pending,,000556994001,000960658072,000279985052,000-25-4488
0035500000gaXOxAAM,,,0015500000jf4cTAAQ,Brame,Antoinette,,Antoinette Brame,3392 North Huron Road,Tawas City,MI,48763,USA,,,,"{""city"":""Tawas City"",""country"":""USA"",""geocodeAccuracy"":null,""latitude"":null,""longitude"":null,""postalCode"":""48763"",""state"":""MI"",""street"":""3392 North Huron Road""}",3392 North Huron Road,Tawas City,MI,48763,USA,,,,"{""city"":""Tawas City"",""country"":""USA"",""geocodeAccuracy"":null,""latitude"":null,""longitude"":null,""postalCode"":""48763"",""state"":""MI"",""street"":""3392 North Huron Road""}",(555) 768-2069,,(555) 649-1188,(555) 651-9433,,,,antoinette.brame@example.com,,,,Partner Referral,1943-06-18,,00555000004kgDgAAI,2020-04-11T00:17:14.000+0000,00555000004kgDgAAI,2020-04-11T00:17:14.000+0000,00555000004kgDgAAI,2020-04-11T00:17:14.000+0000,,,,2020-04-11T00:17:14.000+0000,2020-04-11T00:17:14.000+0000,,,,/services/images/photo/0035500000gaXOxAAM,,,Pending,,000820969186,000670882157,000715755079,000-73-3502
0035500000gaXOyAAM,,,0015500000jf4cUAAQ,Anerton,Ashlyn,,Ashlyn Anerton,145 County Road 88,Guffey,CO,80820,USA,,,,"{""city"":""Guffey"",""country"":""USA"",""geocodeAccuracy"":null,""latitude"":null,""longitude"":null,""postalCode"":""80820"",""state"":""CO"",""street"":""145 County Road 88""}",145 County Road 88,Guffey,CO,80820,USA,,,,"{""city"":""Guffey"",""country"":""USA"",""geocodeAccuracy"":null,""latitude"":null,""longitude"":null,""postalCode"":""80820"",""state"":""CO"",""street"":""145 County Road 88""}",(555) 214-8899,,(555) 895-1884,(555) 860-3440,,,,ashlyn.anerton@example.com,,,,Web,2002-03-05,,00555000004kgDgAAI,2020-04-11T00:17:14.000+0000,00555000004kgDgAAI,2020-04-11T00:17:14.000+0000,00555000004kgDgAAI,2020-04-11T00:17:14.000+0000,,,,2020-04-11T00:17:14.000+0000,2020-04-11T00:17:14.000+0000,,,,/services/images/photo/0035500000gaXOyAAM,,,Pending,,000707313609,000884386975,000468566577,000-56-4958
0035500000gaXPIAA2,,,0015500000jf4coAAA,Kondracki,Reatha,,Reatha Kondracki,1335 Madison St NE,Salem,OR,97301,USA,,,,"{""city"":""Salem"",""country"":""USA"",""geocodeAccuracy"":null,""latitude"":null,""longitude"":null,""postalCode"":""97301"",""state"":""OR"",""street"":""1335 Madison St NE""}",1335 Madison St NE,Salem,OR,97301,USA,,,,"{""city"":""Salem"",""country"":""USA"",""geocodeAccuracy"":null,""latitude"":null,""longitude"":null,""postalCode"":""97301"",""state"":""OR"",""street"":""1335 Madison St NE""}",(555) 252-4594,,(555) 630-2669,(555) 698-7506,,,,reatha.kondracki@example.com,,,,Other,1982-08-08,,00555000004kgDgAAI,2020-04-11T00:17:14.000+0000,00555000004kgDgAAI,2020-04-11T00:17:14.000+0000,00555000004kgDgAAI,2020-04-11T00:17:14.000+0000,,,,2020-04-11T00:17:14.000+0000,2020-04-11T00:17:14.000+0000,,,,/services/images/photo/0035500000gaXPIAA2,,,Pending,,000578336214,000331044241,000394192178,000-76-5469
0035500000gaXPJAA2,,,0015500000jf4cpAAA,Devaney,Kendra,,Kendra Devaney,400 Grant Ave,Duquesne,PA,15110,USA,,,,"{""city"":""Duquesne"",""country"":""USA"",""geocodeAccuracy"":null,""latitude"":null,""longitude"":null,""postalCode"":""15110"",""state"":""PA"",""street"":""400 Grant Ave""}",400 Grant Ave,Duquesne,PA,15110,USA,,,,"{""city"":""Duquesne"",""country"":""USA"",""geocodeAccuracy"":null,""latitude"":null,""longitude"":null,""postalCode"":""15110"",""state"":""PA"",""street"":""400 Grant Ave""}",(555) 861-5822,,(555) 114-2900,(555) 997-7709,,,,kendra.devaney@example.com,,,,Phone Inquiry,1949-05-23,,00555000004kgDgAAI,2020-04-11T00:17:14.000+0000,00555000004kgDgAAI,2020-04-11T00:17:14.000+0000,00555000004kgDgAAI,2020-04-11T00:17:14.000+0000,,,,2020-04-11T00:17:14.000+0000,2020-04-11T00:17:14.000+0000,,,,/services/images/photo/0035500000gaXPJAA2,,,Pending,,000750313619,000403552110,000864075823,000-66-1225
0035500000gaXPKAA2,,,0015500000jf4cqAAA,Sanft,Wilhelmina,,Wilhelmina Sanft,6010 London Dr,Sunset Valley,TX,78745,USA,,,,"{""city"":""Sunset Valley"",""country"":""USA"",""geocodeAccuracy"":null,""latitude"":null,""longitude"":null,""postalCode"":""78745"",""state"":""TX"",""street"":""6010 London Dr""}",6010 London Dr,Sunset Valley,TX,78745,USA,,,,"{""city"":""Sunset Valley"",""country"":""USA"",""geocodeAccuracy"":null,""latitude"":null,""longitude"":null,""postalCode"":""78745"",""state"":""TX"",""street"":""6010 London Dr""}",(555) 643-7656,,(555) 186-9423,(555) 275-6947,,,,wilhelmina.sanft@example.com,,,,Other,1963-05-02,,00555000004kgDgAAI,2020-04-11T00:17:14.000+0000,00555000004kgDgAAI,2020-04-11T00:17:14.000+0000,00555000004kgDgAAI,2020-04-11T00:17:14.000+0000,,,,2020-04-11T00:17:14.000+0000,2020-04-11T00:17:14.000+0000,,,,/services/images/photo/0035500000gaXPKAA2,,,Pending,,000816686071,000163591732,000208000885,000-69-5384
0035500000gaXPLAA2,,,0015500000jf4crAAA,Derobertis,Mitsuko,,Mitsuko Derobertis,30208 Lookout Road,Paola,KS,66071,USA,,,,"{""city"":""Paola"",""country"":""USA"",""geocodeAccuracy"":null,""latitude"":null,""longitude"":null,""postalCode"":""66071"",""state"":""KS"",""street"":""30208 Lookout Road""}",30208 Lookout Road,Paola,KS,66071,USA,,,,"{""city"":""Paola"",""country"":""USA"",""geocodeAccuracy"":null,""latitude"":null,""longitude"":null,""postalCode"":""66071"",""state"":""KS"",""street"":""30208 Lookout Road""}",(555) 532-2846,,(555) 824-3814,(555) 977-6068,,,,mitsuko.derobertis@example.com,,,,Partner Referral,1961-01-14,,00555000004kgDgAAI,2020-04-11T00:17:14.000+0000,00555000004kgDgAAI,2020-04-11T00:17:14.000+0000,00555000004kgDgAAI,2020-04-11T00:17:14.000+0000,,,,2020-04-11T00:17:14.000+0000,2020-04-11T00:17:14.000+0000,,,,/services/images/photo/0035500000gaXPLAA2,,,Pending,,000556130036,000803226500,000805734476,000-42-5303
0035500000gaXPMAA2,,,0015500000jf4csAAA,Sencabaugh,Amos,,Amos Sencabaugh,8629 238th Road,Nortonville,KS,66060,USA,,,,"{""city"":""Nortonville"",""country"":""USA"",""geocodeAccuracy"":null,""latitude"":null,""longitude"":null,""postalCode"":""66060"",""state"":""KS"",""street"":""8629 238th Road""}",8629 238th Road,Nortonville,KS,66060,USA,,,,"{""city"":""Nortonville"",""country"":""USA"",""geocodeAccuracy"":null,""latitude"":null,""longitude"":null,""postalCode"":""66060"",""state"":""KS"",""street"":""8629 238th Road""}",(555) 751-5654,,(555) 290-8801,(555) 748-4521,,,,amos.sencabaugh@example.com,,,,Other,1952-03-22,,00555000004kgDgAAI,2020-04-11T00:17:14.000+0000,00555000004kgDgAAI,2020-04-11T00:17:14.000+0000,00555000004kgDgAAI,2020-04-11T00:17:14.000+0000,,,,2020-04-11T00:17:14.000+0000,2020-04-11T00:17:14.000+0000,,,,/services/images/photo/0035500000gaXPMAA2,,,Pending,,000613550466,000598655452,000497513187,000-80-5725
0035500000gaXPNAA2,,,0015500000jf4ctAAA,Moranville,Clint,,Clint Moranville,2084 Waelchi Road,Denton,MT,59430,USA,,,,"{""city"":""Denton"",""country"":""USA"",""geocodeAccuracy"":null,""latitude"":null,""longitude"":null,""postalCode"":""59430"",""state"":""MT"",""street"":""2084 Waelchi Road""}",2084 Waelchi Road,Denton,MT,59430,USA,,,,"{""city"":""Denton"",""country"":""USA"",""geocodeAccuracy"":null,""latitude"":null,""longitude"":null,""postalCode"":""59430"",""state"":""MT"",""street"":""2084 Waelchi Road""}",(555) 412-1949,,(555) 304-2992,(555) 424-8502,,,,clint.moranville@example.com,,,,Partner Referral,1943-08-03,,00555000004kgDgAAI,2020-04-11T00:17:14.000+0000,00555000004kgDgAAI,2020-04-11T00:17:14.000+0000,00555000004kgDgAAI,2020-04-11T00:17:14.000+0000,,,,2020-04-11T00:17:14.000+0000,2020-04-11T00:17:14.000+0000,,,,/services/images/photo/0035500000gaXPNAA2,,,Pending,,000638378065,000243831541,000387238210,000-87-7489
0035500000gaXPOAA2,,,0015500000jf4cuAAA,Felice,Dominick,,Dominick Felice,174 Unnamed Road,Youngstown,FL,32466,USA,,,,"{""city"":""Youngstown"",""country"":""USA"",""geocodeAccuracy"":null,""latitude"":null,""longitude"":null,""postalCode"":""32466"",""state"":""FL"",""street"":""174 Unnamed Road""}",174 Unnamed Road,Youngstown,FL,32466,USA,,,,"{""city"":""Youngstown"",""country"":""USA"",""geocodeAccuracy"":null,""latitude"":null,""longitude"":null,""postalCode"":""32466"",""state"":""FL"",""street"":""174 Unnamed Road""}",(555) 660-2282,,(555) 453-3103,(555) 993-4592,,,,dominick.felice@example.com,,,,Phone Inquiry,1944-08-31,,00555000004kgDgAAI,2020-04-11T00:17:14.000+0000,00555000004kgDgAAI,2020-04-11T00:17:14.000+0000,00555000004kgDgAAI,2020-04-11T00:17:14.000+0000,,,,2020-04-11T00:17:14.000+0000,2020-04-11T00:17:14.000+0000,,,,/services/images/photo/0035500000gaXPOAA2,,,Pending,,000954060961,000701739043,000774055535,000-77-3404
0035500000gaXPPAA2,,,0015500000jf4cvAAA,Mankoski,Florentina,,Florentina Mankoski,2550 Wasser Terrace,Herndon,VA,20171,USA,,,,"{""city"":""Herndon"",""country"":""USA"",""geocodeAccuracy"":null,""latitude"":null,""longitude"":null,""postalCode"":""20171"",""state"":""VA"",""street"":""2550 Wasser Terrace""}",2550 Wasser Terrace,Herndon,VA,20171,USA,,,,"{""city"":""Herndon"",""country"":""USA"",""geocodeAccuracy"":null,""latitude"":null,""longitude"":null,""postalCode"":""20171"",""state"":""VA"",""street"":""2550 Wasser Terrace""}",(555) 803-6925,,(555) 383-7824,(555) 334-2662,,,,florentina.mankoski@example.com,,,,Phone Inquiry,1961-10-25,,00555000004kgDgAAI,2020-04-11T00:17:14.000+0000,00555000004kgDgAAI,2020-04-11T00:17:14.000+0000,00555000004kgDgAAI,2020-04-11T00:17:14.000+0000,,,,2020-04-11T00:17:14.000+0000,2020-04-11T00:17:14.000+0000,,,,/services/images/photo/0035500000gaXPPAA2,,,Pending,,000321709936,000733718922,000280499102,000-42-3736
0035500000gaXPQAA2,,,0015500000jf4cwAAA,Roewe,Danica,,Danica Roewe,206 De Korra Ln,Wisconsin Dells,WI,53965,USA,,,,"{""city"":""Wisconsin Dells"",""country"":""USA"",""geocodeAccuracy"":null,""latitude"":null,""longitude"":null,""postalCode"":""53965"",""state"":""WI"",""street"":""206 De Korra Ln""}",206 De Korra Ln,Wisconsin Dells,WI,53965,USA,,,,"{""city"":""Wisconsin Dells"",""country"":""USA"",""geocodeAccuracy"":null,""latitude"":null,""longitude"":null,""postalCode"":""53965"",""state"":""WI"",""street"":""206 De Korra Ln""}",(555) 131-4717,,(555) 160-6123,(555) 544-4057,,,,danica.roewe@example.com,,,,Other,1961-03-24,,00555000004kgDgAAI,2020-04-11T00:17:14.000+0000,00555000004kgDgAAI,2020-04-11T00:17:14.000+0000,00555000004kgDgAAI,2020-04-11T00:17:14.000+0000,,,,2020-04-11T00:17:14.000+0000,2020-04-11T00:17:14.000+0000,,,,/services/images/photo/0035500000gaXPQAA2,,,Pending,,000567566234,000154998182,000910549451,000-60-4982
0035500000gaXPRAA2,,,0015500000jf4cxAAA,Schwenck,Nicol,,Nicol Schwenck,2012 Northern Plains Dr,Bismarck,ND,58504,USA,,,,"{""city"":""Bismarck"",""country"":""USA"",""geocodeAccuracy"":null,""latitude"":null,""longitude"":null,""postalCode"":""58504"",""state"":""ND"",""street"":""2012 Northern Plains Dr""}",2012 Northern Plains Dr,Bismarck,ND,58504,USA,,,,"{""city"":""Bismarck"",""country"":""USA"",""geocodeAccuracy"":null,""latitude"":null,""longitude"":null,""postalCode"":""58504"",""state"":""ND"",""street"":""2012 Northern Plains Dr""}",(555) 447-1141,,(555) 267-4241,(555) 580-2565,,,,nicol.schwenck@example.com,,,,Phone Inquiry,1959-09-05,,00555000004kgDgAAI,2020-04-11T00:17:14.000+0000,00555000004kgDgAAI,2020-04-11T00:17:14.000+0000,00555000004kgDgAAI,2020-04-11T00:17:14.000+0000,,,,2020-04-11T00:17:14.000+0000,2020-04-11T00:17:14.000+0000,,,,/services/images/photo/0035500000gaXPRAA2,,,Pending,,000887177927,000268511884,000839288846,000-98-8620
0035500000gaXPSAA2,,,0015500000jf4cyAAA,Renze,Tammera,,Tammera Renze,23 Browns Lake Road,Helmville,MT,59843,USA,,,,"{""city"":""Helmville"",""country"":""USA"",""geocodeAccuracy"":null,""latitude"":null,""longitude"":null,""postalCode"":""59843"",""state"":""MT"",""street"":""23 Browns Lake Road""}",23 Browns Lake Road,Helmville,MT,59843,USA,,,,"{""city"":""Helmville"",""country"":""USA"",""geocodeAccuracy"":null,""latitude"":null,""longitude"":null,""postalCode"":""59843"",""state"":""MT"",""street"":""23 Browns Lake Road""}",(555) 547-5648,,(555) 676-9897,(555) 680-1286,,,,tammera.renze@example.com,,,,Web,1981-10-11,,00555000004kgDgAAI,2020-04-11T00:17:14.000+0000,00555000004kgDgAAI,2020-04-11T00:17:14.000+0000,00555000004kgDgAAI,2020-04-11T00:17:14.000+0000,,,,2020-04-11T00:17:14.000+0000,2020-04-11T00:17:14.000+0000,,,,/services/images/photo/0035500000gaXPSAA2,,,Pending,,000459161065,000758997990,000178084388,000-58-9653
0035500000gaXPTAA2,,,0015500000jf4czAAA,Troxil,Shirlee,,Shirlee Troxil,206 De Korra Ln,Wisconsin Dells,WI,53965,USA,,,,"{""city"":""Wisconsin Dells"",""country"":""USA"",""geocodeAccuracy"":null,""latitude"":null,""longitude"":null,""postalCode"":""53965"",""state"":""WI"",""street"":""206 De Korra Ln""}",206 De Korra Ln,Wisconsin Dells,WI,53965,USA,,,,"{""city"":""Wisconsin Dells"",""country"":""USA"",""geocodeAccuracy"":null,""latitude"":null,""longitude"":null,""postalCode"":""53965"",""state"":""WI"",""street"":""206 De Korra Ln""}",(555) 851-4192,,(555) 265-4083,(555) 614-7009,,,,shirlee.troxil@example.com,,,,Phone Inquiry,1980-11-07,,00555000004kgDgAAI,2020-04-11T00:17:14.000+0000,00555000004kgDgAAI,2020-04-11T00:17:14.000+0000,00555000004kgDgAAI,2020-04-11T00:17:14.000+0000,,,,2020-04-11T00:17:14.000+0000,2020-04-11T00:17:14.000+0000,,,,/services/images/photo/0035500000gaXPTAA2,,,Pending,,000841649011,000867406932,000140033307,000-14-4954
0035500000gaXPUAA2,,,0015500000jf4d0AAA,Martinolli,Gilda,,Gilda Martinolli,77820 Vineyard Canyon Road,San Miguel,CA,93451,USA,,,,"{""city"":""San Miguel"",""country"":""USA"",""geocodeAccuracy"":null,""latitude"":null,""longitude"":null,""postalCode"":""93451"",""state"":""CA"",""street"":""77820 Vineyard Canyon Road""}",77820 Vineyard Canyon Road,San Miguel,CA,93451,USA,,,,"{""city"":""San Miguel"",""country"":""USA"",""geocodeAccuracy"":null,""latitude"":null,""longitude"":null,""postalCode"":""93451"",""state"":""CA"",""street"":""77820 Vineyard Canyon Road""}",(555) 442-7615,,(555) 174-3414,(555) 607-5228,,,,gilda.martinolli@example.com,,,,Web,1950-12-09,,00555000004kgDgAAI,2020-04-11T00:17:14.000+0000,00555000004kgDgAAI,2020-04-11T00:17:14.000+0000,00555000004kgDgAAI,2020-04-11T00:17:14.000+0000,,,,2020-04-11T00:17:14.000+0000,2020-04-11T00:17:14.000+0000,,,,/services/images/photo/0035500000gaXPUAA2,,,Pending,,000117808834,000134991776,000270073520,000-55-8449
0035500000gaXPVAA2,,,0015500000jf4d1AAA,Strachan,Randy,,Randy Strachan,2084 Waelchi Road,Denton,MT,59430,USA,,,,"{""city"":""Denton"",""country"":""USA"",""geocodeAccuracy"":null,""latitude"":null,""longitude"":null,""postalCode"":""59430"",""state"":""MT"",""street"":""2084 Waelchi Road""}",2084 Waelchi Road,Denton,MT,59430,USA,,,,"{""city"":""Denton"",""country"":""USA"",""geocodeAccuracy"":null,""latitude"":null,""longitude"":null,""postalCode"":""59430"",""state"":""MT"",""street"":""2084 Waelchi Road""}",(555) 975-5029,,(555) 287-7616,(555) 187-7524,,,,randy.strachan@example.com,,,,Other,1999-03-12,,00555000004kgDgAAI,2020-04-11T00:17:14.000+0000,00555000004kgDgAAI,2020-04-11T00:17:14.000+0000,00555000004kgDgAAI,2020-04-11T00:17:14.000+0000,,,,2020-04-11T00:17:14.000+0000,2020-04-11T00:17:14.000+0000,,,,/services/images/photo/0035500000gaXPVAA2,,,Pending,,000446630776,000289619273,000255118077,000-20-8275
0035500000gaXPWAA2,,,0015500000jf4d2AAA,Foerschler,Renee,,Renee Foerschler,111 West Illinois Street,Chicago,IL,60654,USA,,,,"{""city"":""Chicago"",""country"":""USA"",""geocodeAccuracy"":null,""latitude"":null,""longitude"":null,""postalCode"":""60654"",""state"":""IL"",""street"":""111 West Illinois Street""}",111 West Illinois Street,Chicago,IL,60654,USA,,,,"{""city"":""Chicago"",""country"":""USA"",""geocodeAccuracy"":null,""latitude"":null,""longitude"":null,""postalCode"":""60654"",""state"":""IL"",""street"":""111 West Illinois Street""}",(555) 701-3847,,(555) 940-9944,(555) 197-3889,,,,renee.foerschler@example.com,,,,Phone Inquiry,1954-09-02,,00555000004kgDgAAI,2020-04-11T00:17:14.000+0000,00555000004kgDgAAI,2020-04-11T00:17:14.000+0000,00555000004kgDgAAI,2020-04-11T00:17:14.000+0000,,,,2020-04-11T00:17:14.000+0000,2020-04-11T00:17:14.000+0000,,,,/services/images/photo/0035500000gaXPWAA2,,,Pending,,000676583058,000333128660,000294171028,000-12-1430
0035500000gaXPXAA2,,,0015500000jf4d3AAA,Bealmear,Muoi,,Muoi Bealmear,542 Candido Hills,Miles City,MT,59301,USA,,,,"{""city"":""Miles City"",""country"":""USA"",""geocodeAccuracy"":null,""latitude"":null,""longitude"":null,""postalCode"":""59301"",""state"":""MT"",""street"":""542 Candido Hills""}",542 Candido Hills,Miles City,MT,59301,USA,,,,"{""city"":""Miles City"",""country"":""USA"",""geocodeAccuracy"":null,""latitude"":null,""longitude"":null,""postalCode"":""59301"",""state"":""MT"",""street"":""542 Candido Hills""}",(555) 893-1579,,(555) 247-4797,(555) 443-6395,,,,muoi.bealmear@example.com,,,,Partner Referral,1977-04-10,,00555000004kgDgAAI,2020-04-11T00:17:14.000+0000,00555000004kgDgAAI,2020-04-11T00:17:14.000+0000,00555000004kgDgAAI,2020-04-11T00:17:14.000+0000,,,,2020-04-11T00:17:14.000+0000,2020-04-11T00:17:14.000+0000,,,,/services/images/photo/0035500000gaXPXAA2,,,Pending,,000960495888,000261027177,000950139815,000-56-9100
0035500000gaXPYAA2,,,0015500000jf4d4AAA,Zobell,Lionel,,Lionel Zobell,10 Bay Street,Toronto,ON,M5J 2R8,Canada,,,,"{""city"":""Toronto"",""country"":""Canada"",""geocodeAccuracy"":null,""latitude"":null,""longitude"":null,""postalCode"":""M5J 2R8"",""state"":""ON"",""street"":""10 Bay Street""}",10 Bay Street,Toronto,ON,M5J 2R8,Canada,,,,"{""city"":""Toronto"",""country"":""Canada"",""geocodeAccuracy"":null,""latitude"":null,""longitude"":null,""postalCode"":""M5J 2R8"",""state"":""ON"",""street"":""10 Bay Street""}",(555) 852-4616,,(555) 457-6103,(555) 415-5088,,,,lionel.zobell@example.com,,,,Phone Inquiry,1953-03-29,,00555000004kgDgAAI,2020-04-11T00:17:14.000+0000,00555000004kgDgAAI,2020-04-11T00:17:14.000+0000,00555000004kgDgAAI,2020-04-11T00:17:14.000+0000,,,,2020-04-11T00:17:14.000+0000,2020-04-11T00:17:14.000+0000,,,,/services/images/photo/0035500000gaXPYAA2,,,Pending,,000189442918,000572977379,000998284558,000-63-7804
0035500000gaXOlAAM,,,0015500000jf4cHAAQ,Bault,Simonne,,Simonne Bault,6 Morningview Cir,Lake Oswego,OR,97035,USA,,,,"{""city"":""Lake Oswego"",""country"":""USA"",""geocodeAccuracy"":null,""latitude"":null,""longitude"":null,""postalCode"":""97035"",""state"":""OR"",""street"":""6 Morningview Cir""}",6 Morningview Cir,Lake Oswego,OR,97035,USA,,,,"{""city"":""Lake Oswego"",""country"":""USA"",""geocodeAccuracy"":null,""latitude"":null,""longitude"":null,""postalCode"":""97035"",""state"":""OR"",""street"":""6 Morningview Cir""}",(555) 492-5872,,(555) 216-7878,(555) 989-7691,,,,simonne.bault@example.com,,,,Phone Inquiry,1992-11-09,,00555000004kgDgAAI,2020-04-11T00:17:14.000+0000,00555000004kgDgAAI,2020-04-11T00:17:14.000+0000,00555000004kgDgAAI,2020-04-11T00:17:14.000+0000,,,,2020-04-11T00:17:14.000+0000,2020-04-11T00:17:14.000+0000,,,,/services/images/photo/0035500000gaXOlAAM,,,Pending,,000185434316,000847516933,000523935307,000-13-3984
0035500000gaXOmAAM,,,0015500000jf4cIAAQ,Knife,Cami,,Cami Knife,87 Arizona 87,Coolidge,AZ,85128,USA,,,,"{""city"":""Coolidge"",""country"":""USA"",""geocodeAccuracy"":null,""latitude"":null,""longitude"":null,""postalCode"":""85128"",""state"":""AZ"",""street"":""87 Arizona 87""}",87 Arizona 87,Coolidge,AZ,85128,USA,,,,"{""city"":""Coolidge"",""country"":""USA"",""geocodeAccuracy"":null,""latitude"":null,""longitude"":null,""postalCode"":""85128"",""state"":""AZ"",""street"":""87 Arizona 87""}",(555) 941-1548,,(555) 512-2912,(555) 730-2790,,,,cami.knife@example.com,,,,Phone Inquiry,1962-10-04,,00555000004kgDgAAI,2020-04-11T00:17:14.000+0000,00555000004kgDgAAI,2020-04-11T00:17:14.000+0000,00555000004kgDgAAI,2020-04-11T00:17:14.000+0000,,,,2020-04-11T00:17:14.000+0000,2020-04-11T00:17:14.000+0000,,,,/services/images/photo/0035500000gaXOmAAM,,,Pending,,000734809984,000406959479,000451052606,000-91-4456
0035500000gaXOnAAM,,,0015500000jf4cJAAQ,Gansburg,Chantelle,,Chantelle Gansburg,111 Monument Circle,Indianapolis,IN,46204,USA,,,,"{""city"":""Indianapolis"",""country"":""USA"",""geocodeAccuracy"":null,""latitude"":null,""longitude"":null,""postalCode"":""46204"",""state"":""IN"",""street"":""111 Monument Circle""}",111 Monument Circle,Indianapolis,IN,46204,USA,,,,"{""city"":""Indianapolis"",""country"":""USA"",""geocodeAccuracy"":null,""latitude"":null,""longitude"":null,""postalCode"":""46204"",""state"":""IN"",""street"":""111 Monument Circle""}",(555) 674-6260,,(555) 956-1181,(555) 567-2326,,,,chantelle.gansburg@example.com,,,,Partner Referral,1949-02-15,,00555000004kgDgAAI,2020-04-11T00:17:14.000+0000,00555000004kgDgAAI,2020-04-11T00:17:14.000+0000,00555000004kgDgAAI,2020-04-11T00:17:14.000+0000,,,,2020-04-11T00:17:14.000+0000,2020-04-11T00:17:14.000+0000,,,,/services/images/photo/0035500000gaXOnAAM,,,Pending,,000124103825,000876348932,000796079849,000-48-7821
0035500000gaXOoAAM,,,0015500000jf4cKAAQ,Karlgaard,Ruthanne,,Ruthanne Karlgaard,541 SW Georgetown Way,Beaverton,OR,97006,USA,,,,"{""city"":""Beaverton"",""country"":""USA"",""geocodeAccuracy"":null,""latitude"":null,""longitude"":null,""postalCode"":""97006"",""state"":""OR"",""street"":""541 SW Georgetown Way""}",541 SW Georgetown Way,Beaverton,OR,97006,USA,,,,"{""city"":""Beaverton"",""country"":""USA"",""geocodeAccuracy"":null,""latitude"":null,""longitude"":null,""postalCode"":""97006"",""state"":""OR"",""street"":""541 SW Georgetown Way""}",(555) 375-1337,,(555) 742-9536,(555) 956-9555,,,,ruthanne.karlgaard@example.com,,,,Phone Inquiry,1989-07-09,,00555000004kgDgAAI,2020-04-11T00:17:14.000+0000,00555000004kgDgAAI,2020-04-11T00:17:14.000+0000,00555000004kgDgAAI,2020-04-11T00:17:14.000+0000,,,,2020-04-11T00:17:14.000+0000,2020-04-11T00:17:14.000+0000,,,,/services/images/photo/0035500000gaXOoAAM,,,Pending,,000343977272,000125861361,000730005360,000-62-3142
0035500000gaXHLAA2,,,0015500000jf4RnAAI,Followell,Augustus,,Augustus Followell,551 Oakdale Rd,Jamestown,NC,27282,USA,,,,"{""city"":""Jamestown"",""country"":""USA"",""geocodeAccuracy"":null,""latitude"":null,""longitude"":null,""postalCode"":""27282"",""state"":""NC"",""street"":""551 Oakdale Rd""}",551 Oakdale Rd,Jamestown,NC,27282,USA,,,,"{""city"":""Jamestown"",""country"":""USA"",""geocodeAccuracy"":null,""latitude"":null,""longitude"":null,""postalCode"":""27282"",""state"":""NC"",""street"":""551 Oakdale Rd""}",(555) 239-6297,,(555) 872-5631,(555) 344-4064,,,,augustus.followell@example.com,,,,Other,2005-01-21,,00555000004kgDgAAI,2020-04-10T23:58:02.000+0000,00555000004kgDgAAI,2020-04-10T23:58:02.000+0000,00555000004kgDgAAI,2020-04-10T23:58:02.000+0000,,,,2020-04-10T23:58:02.000+0000,2020-04-10T23:58:02.000+0000,,,,/services/images/photo/0035500000gaXHLAA2,,,Pending,,000171955375,000484017762,000399164088,000-17-1500
